{"cameraMode":{"drawMode":0,"name":"Shaded","section":"Shading Mode"},"sceneLighting":true,"audioPlay":false,"sceneViewState":{"showFog":true,"showMaterialUpdate":false,"showSkybox":true,"showFlares":true,"showImageEffects":true,"showParticleSystems":true},"in2DMode":false,"pivot":{"x":1.6787095069885255,"y":3.50920033454895,"z":3.667360305786133},"rotation":{"x":-0.1393626183271408,"y":-0.14295868575572968,"z":0.020361313596367837,"w":-0.9796698689460754},"size":2.110290288925171,"orthographic":false}