{"cameraMode":{"drawMode":0,"name":"Shaded","section":"Shading Mode"},"sceneLighting":false,"audioPlay":false,"sceneViewState":{"showFog":true,"showMaterialUpdate":false,"showSkybox":false,"showFlares":true,"showImageEffects":true,"showParticleSystems":true},"in2DMode":false,"pivot":{"x":-5.645999908447266,"y":2.9000000953674318,"z":9.90999984741211},"rotation":{"x":-0.18237411975860597,"y":0.17216072976589204,"z":-0.03243621811270714,"w":-0.9675049185752869},"size":2.0660252571105959,"orthographic":false}