{"cameraMode":{"drawMode":0,"name":"Shaded","section":"Shading Mode"},"sceneLighting":true,"audioPlay":false,"sceneViewState":{"showFog":true,"showMaterialUpdate":false,"showSkybox":true,"showFlares":true,"showImageEffects":true,"showParticleSystems":true},"in2DMode":false,"pivot":{"x":5.561583042144775,"y":3.349728584289551,"z":13.393753051757813},"rotation":{"x":0.03794991225004196,"y":-0.9450563192367554,"z":0.11856250464916229,"w":0.3023146986961365},"size":3.86602520942688,"orthographic":false}